Commit Count,Date
61,2014-08-27
20,2014-08-28
28,2014-08-29
1,2014-08-30
33,2014-08-31
18,2014-09-01
41,2014-09-02
22,2014-09-03
58,2014-09-04
16,2014-09-05
19,2014-09-06
37,2014-09-07
21,2014-09-08
39,2014-09-09
27,2014-09-10
28,2014-09-11
21,2014-09-12
1,2014-09-13
3,2014-09-14
58,2014-09-15
47,2014-09-16
39,2014-09-17
76,2014-09-18
44,2014-09-19
0,2014-09-20
32,2014-09-21
11,2014-09-22
33,2014-09-23
21,2014-09-24
25,2014-09-25
24,2014-09-26
1,2014-09-27
7,2014-09-28
26,2014-09-29
49,2014-09-30
34,2014-10-01
36,2014-10-02
10,2014-10-03
1,2014-10-04
11,2014-10-05
24,2014-10-06
21,2014-10-07
20,2014-10-08
18,2014-10-09
27,2014-10-10
0,2014-10-11
32,2014-10-12
64,2014-10-13
39,2014-10-14
16,2014-10-15
15,2014-10-16
24,2014-10-17
0,2014-10-18
21,2014-10-19
15,2014-10-20
16,2014-10-21
56,2014-10-22
14,2014-10-23
33,2014-10-24
4,2014-10-25
2,2014-10-26
22,2014-10-27
25,2014-10-28
10,2014-10-29
20,2014-10-30
29,2014-10-31
0,2014-11-01
3,2014-11-02
20,2014-11-03
6,2014-11-04
5,2014-11-05
18,2014-11-06
5,2014-11-07
0,2014-11-08
1,2014-11-09
16,2014-11-10
19,2014-11-11
13,2014-11-12
42,2014-11-13
18,2014-11-14
0,2014-11-15
15,2014-11-16
18,2014-11-17
24,2014-11-18
28,2014-11-19
46,2014-11-20
17,2014-11-21
0,2014-11-22
10,2014-11-23
11,2014-11-24
17,2014-11-25
9,2014-11-26
26,2014-11-27
22,2014-11-28
1,2014-11-29
0,2014-11-30
14,2014-12-01
43,2014-12-02
35,2014-12-03
54,2014-12-04
40,2014-12-05
0,2014-12-06
2,2014-12-07
12,2014-12-08
8,2014-12-09
16,2014-12-10
18,2014-12-11
0,2014-12-12
0,2014-12-13
0,2014-12-14
3,2014-12-15
8,2014-12-16
2,2014-12-17
6,2014-12-18
19,2014-12-19
0,2014-12-20
0,2014-12-21
19,2014-12-22
14,2014-12-23
4,2014-12-24
2,2014-12-25
15,2014-12-26
0,2014-12-27
0,2014-12-28
23,2014-12-29
14,2014-12-30
1,2014-12-31
0,2015-01-01
1,2015-01-02
0,2015-01-03
3,2015-01-04
18,2015-01-05
12,2015-01-06
18,2015-01-07
23,2015-01-08
7,2015-01-09
26,2015-01-10
0,2015-01-11
26,2015-01-12
16,2015-01-13
52,2015-01-14
40,2015-01-15
21,2015-01-16
3,2015-01-17
27,2015-01-18
7,2015-01-19
21,2015-01-20
46,2015-01-21
70,2015-01-22
8,2015-01-23
0,2015-01-24
13,2015-01-25
16,2015-01-26
23,2015-01-27
22,2015-01-28
51,2015-01-29
10,2015-01-30
11,2015-01-31
6,2015-02-01
39,2015-02-02
39,2015-02-03
37,2015-02-04
89,2015-02-05
49,2015-02-06
0,2015-02-07
3,2015-02-08
25,2015-02-09
58,2015-02-10
41,2015-02-11
26,2015-02-12
42,2015-02-13
0,2015-02-14
5,2015-02-15
20,2015-02-16
15,2015-02-17
30,2015-02-18
51,2015-02-19
32,2015-02-20
4,2015-02-21
4,2015-02-22
29,2015-02-23
38,2015-02-24
37,2015-02-25
50,2015-02-26
35,2015-02-27
6,2015-02-28
0,2015-03-01
39,2015-03-02
24,2015-03-03
21,2015-03-04
39,2015-03-05
42,2015-03-06
2,2015-03-07
2,2015-03-08
28,2015-03-09
45,2015-03-10
35,2015-03-11
44,2015-03-12
32,2015-03-13
0,2015-03-14
3,2015-03-15
50,2015-03-16
53,2015-03-17
38,2015-03-18
32,2015-03-19
41,2015-03-20
6,2015-03-21
0,2015-03-22
29,2015-03-23
48,2015-03-24
34,2015-03-25
89,2015-03-26
35,2015-03-27
0,2015-03-28
2,2015-03-29
77,2015-03-30
27,2015-03-31
39,2015-04-01
11,2015-04-02
20,2015-04-03
6,2015-04-04
4,2015-04-05
9,2015-04-06
38,2015-04-07
27,2015-04-08
35,2015-04-09
42,2015-04-10
0,2015-04-11
4,2015-04-12
43,2015-04-13
79,2015-04-14
52,2015-04-15
37,2015-04-16
57,2015-04-17
0,2015-04-18
25,2015-04-19
33,2015-04-20
58,2015-04-21
78,2015-04-22
69,2015-04-23
28,2015-04-24
0,2015-04-25
5,2015-04-26
68,2015-04-27
85,2015-04-28
45,2015-04-29
62,2015-04-30
5,2015-05-01
4,2015-05-02
12,2015-05-03
60,2015-05-04
81,2015-05-05
46,2015-05-06
75,2015-05-07
31,2015-05-08
28,2015-05-09
2,2015-05-10
65,2015-05-11
88,2015-05-12
60,2015-05-13
81,2015-05-14
34,2015-05-15
13,2015-05-16
0,2015-05-17
71,2015-05-18
93,2015-05-19
58,2015-05-20
77,2015-05-21
36,2015-05-22
3,2015-05-23
6,2015-05-24
35,2015-05-25
60,2015-05-26
66,2015-05-27
90,2015-05-28
62,2015-05-29
23,2015-05-30
3,2015-05-31
29,2015-06-01
45,2015-06-02
67,2015-06-03
28,2015-06-04
44,2015-06-05
11,2015-06-06
8,2015-06-07
70,2015-06-08
31,2015-06-09
56,2015-06-10
26,2015-06-11
34,2015-06-12
0,2015-06-13
6,2015-06-14
38,2015-06-15
60,2015-06-16
84,2015-06-17
63,2015-06-18
29,2015-06-19
24,2015-06-20
5,2015-06-21
14,2015-06-22
47,2015-06-23
47,2015-06-24
56,2015-06-25
47,2015-06-26
0,2015-06-27
18,2015-06-28
54,2015-06-29
34,2015-06-30
62,2015-07-01
81,2015-07-02
15,2015-07-03
0,2015-07-04
37,2015-07-05
39,2015-07-06
85,2015-07-07
62,2015-07-08
44,2015-07-09
18,2015-07-10
26,2015-07-11
0,2015-07-12
41,2015-07-13
71,2015-07-14
56,2015-07-15
74,2015-07-16
26,2015-07-17
12,2015-07-18
3,2015-07-19
55,2015-07-20
50,2015-07-21
38,2015-07-22
57,2015-07-23
39,2015-07-24
0,2015-07-25
21,2015-07-26
27,2015-07-27
55,2015-07-28
68,2015-07-29
19,2015-07-30
23,2015-07-31
16,2015-08-01
24,2015-08-02
67,2015-08-03
45,2015-08-04
50,2015-08-05
69,2015-08-06
97,2015-08-07
22,2015-08-08
4,2015-08-09
19,2015-08-10
57,2015-08-11
24,2015-08-12
25,2015-08-13
56,2015-08-14
2,2015-08-15
3,2015-08-16
73,2015-08-17
14,2015-08-18
39,2015-08-19
35,2015-08-20
22,2015-08-21
13,2015-08-22
5,2015-08-23
12,2015-08-24
33,2015-08-25
48,2015-08-26
37,2015-08-27
